{
  "type": "r",
  "neverRecomputeExistingPartitions": false,
  "optionalDependencies": false,
  "params": {
    "envSelection": {
      "envMode": "EXPLICIT_ENV",
      "envName": "R"
    },
    "containerSelection": {
      "containerMode": "INHERIT"
    },
    "skipPrerunValidate": false
  },
  "customMeta": {
    "kv": {}
  },
  "redispatchPartitioning": false,
  "maxRunningActivities": 0,
  "inputs": {
    "main": {
      "items": [
        {
          "ref": "csv_crawl_out_prepared",
          "deps": []
        }
      ]
    }
  },
  "outputs": {
    "main": {
      "items": [
        {
          "ref": "csv_crawl_out_extracted",
          "appendMode": false
        }
      ]
    }
  },
  "versionTag": {
    "versionNumber": 17,
    "lastModifiedBy": {
      "login": "admin"
    },
    "lastModifiedOn": 1544305306795
  },
  "creationTag": {
    "versionNumber": 0,
    "lastModifiedBy": {
      "login": "admin"
    },
    "lastModifiedOn": 1544302755539
  },
  "tags": [],
  "checklists": {
    "checklists": []
  }
}