{
  "type": "Filesystem",
  "managed": true,
  "formatType": "csv",
  "checklists": {
    "checklists": []
  },
  "checks": [],
  "customMeta": {
    "kv": {}
  },
  "flowOptions": {
    "virtualizable": false,
    "rebuildBehavior": "NORMAL",
    "crossProjectBuildBehavior": "DEFAULT"
  },
  "readWriteOptions": {
    "preserveOrder": false,
    "writeBuckets": 1,
    "forceSingleOutputFile": false,
    "defaultReadOrdering": {
      "enabled": false,
      "rules": []
    }
  },
  "formatParams": {
    "style": "unix",
    "charset": "utf8",
    "separator": "\t",
    "quoteChar": "\"",
    "escapeChar": "\\",
    "dateSerializationFormat": "ISO",
    "arrayMapFormat": "json",
    "hiveSeparators": [
      "\u0002",
      "\u0003",
      "\u0004",
      "\u0005",
      "\u0006",
      "\u0007",
      "\b"
    ],
    "skipRowsBeforeHeader": 0,
    "parseHeaderRow": false,
    "skipRowsAfterHeader": 0,
    "probableNumberOfRecords": 0,
    "normalizeBooleans": false,
    "normalizeDoubles": true,
    "readAdditionalColumnsBehavior": "INSERT_IN_DATA_WARNING",
    "readMissingColumnsBehavior": "DISCARD_SILENT",
    "readDataTypeMismatchBehavior": "DISCARD_WARNING",
    "writeDataTypeMismatchBehavior": "DISCARD_WARNING",
    "fileReadFailureBehavior": "FAIL",
    "compress": "gz"
  },
  "partitioning": {
    "ignoreNonMatchingFile": false,
    "considerMissingRequestedPartitionsAsEmpty": false,
    "dimensions": []
  },
  "versionTag": {
    "versionNumber": 2,
    "lastModifiedBy": {
      "login": "admin"
    },
    "lastModifiedOn": 1544304451118
  },
  "creationTag": {
    "versionNumber": 0,
    "lastModifiedBy": {
      "login": "admin"
    },
    "lastModifiedOn": 1544302753696
  },
  "tags": [],
  "params": {
    "connection": "filesystem_managed",
    "path": "${projectKey}/csv_crawl_out_extracted",
    "notReadyIfEmpty": false,
    "filesSelectionRules": {
      "mode": "ALL",
      "excludeRules": [],
      "includeRules": [],
      "explicitFiles": []
    }
  },
  "schema": {
    "columns": [
      {
        "name": "Address",
        "type": "string"
      },
      {
        "name": "Content",
        "type": "string"
      },
      {
        "name": "Status.Code",
        "type": "bigint"
      },
      {
        "name": "Status",
        "type": "string"
      },
      {
        "name": "Indexability",
        "type": "string"
      },
      {
        "name": "Indexability.Status",
        "type": "boolean"
      },
      {
        "name": "Title.1",
        "type": "string"
      },
      {
        "name": "Title.1.Length",
        "type": "bigint"
      },
      {
        "name": "Title.1.Pixel.Width",
        "type": "bigint"
      },
      {
        "name": "Meta.Description.1",
        "type": "string"
      },
      {
        "name": "Meta.Description.1.Length",
        "type": "bigint"
      },
      {
        "name": "Meta.Description.1.Pixel.Width",
        "type": "bigint"
      },
      {
        "name": "Meta.Keyword.1",
        "type": "boolean"
      },
      {
        "name": "Meta.Keywords.1.Length",
        "type": "bigint"
      },
      {
        "name": "H1.1",
        "type": "string"
      },
      {
        "name": "H1.1.length",
        "type": "bigint"
      },
      {
        "name": "H1.2",
        "type": "string"
      },
      {
        "name": "H1.2.length",
        "type": "bigint"
      },
      {
        "name": "H2.1",
        "type": "string"
      },
      {
        "name": "H2.1.length",
        "type": "bigint"
      },
      {
        "name": "H2.2",
        "type": "string"
      },
      {
        "name": "H2.2.length",
        "type": "bigint"
      },
      {
        "name": "Meta.Robots.1",
        "type": "boolean"
      },
      {
        "name": "Meta.Refresh.1",
        "type": "boolean"
      },
      {
        "name": "Canonical.Link.Element.1",
        "type": "string"
      },
      {
        "name": "rel..next..1",
        "type": "string"
      },
      {
        "name": "rel..prev..1",
        "type": "boolean"
      },
      {
        "name": "Size",
        "type": "bigint"
      },
      {
        "name": "Word.Count",
        "type": "bigint"
      },
      {
        "name": "Text.Ratio",
        "type": "double"
      },
      {
        "name": "Crawl.Depth",
        "type": "bigint"
      },
      {
        "name": "Link.Score",
        "type": "boolean"
      },
      {
        "name": "Inlinks",
        "type": "bigint"
      },
      {
        "name": "Unique.Inlinks",
        "type": "bigint"
      },
      {
        "name": "X..of.Total",
        "type": "double"
      },
      {
        "name": "Outlinks",
        "type": "bigint"
      },
      {
        "name": "Unique.Outlinks",
        "type": "bigint"
      },
      {
        "name": "External.Outlinks",
        "type": "bigint"
      },
      {
        "name": "Unique.External.Outlinks",
        "type": "bigint"
      },
      {
        "name": "Hash",
        "type": "string"
      },
      {
        "name": "Response.Time",
        "type": "double"
      },
      {
        "name": "Last.Modified",
        "type": "string"
      },
      {
        "name": "Redirect.URI",
        "type": "boolean"
      },
      {
        "name": "Redirect.Type",
        "type": "boolean"
      },
      {
        "name": "URL.Encoded.Address",
        "type": "string"
      },
      {
        "name": "main_text",
        "type": "string"
      }
    ],
    "userModified": false
  },
  "metrics": {
    "probes": [
      {
        "type": "basic",
        "enabled": true,
        "computeOnBuildMode": "PARTITION",
        "meta": {
          "name": "Basic data",
          "level": 0
        },
        "configuration": {}
      },
      {
        "type": "records",
        "enabled": true,
        "computeOnBuildMode": "NO",
        "meta": {
          "name": "Record count",
          "level": 0
        },
        "configuration": {}
      }
    ],
    "engineConfig": {
      "padRunsWithMetrics": false,
      "hive": {
        "active": true,
        "extraConf": []
      },
      "basic": {},
      "dss": {
        "active": true,
        "selection": {
          "useMemTable": false,
          "filter": {
            "distinct": false,
            "enabled": false
          },
          "partitionSelectionMethod": "ALL",
          "latestPartitionsN": 1,
          "ordering": {
            "enabled": false,
            "rules": []
          },
          "samplingMethod": "FULL",
          "maxRecords": -1,
          "targetRatio": 0.02,
          "withinFirstN": -1,
          "maxReadUncompressedBytes": -1
        }
      },
      "sql": {
        "active": true
      },
      "impala": {
        "active": true
      },
      "python": {}
    },
    "displayedState": {
      "columns": [],
      "metrics": [
        "basic:COUNT_COLUMNS",
        "basic:COUNT_FILES",
        "basic:SIZE",
        "records:COUNT_RECORDS"
      ]
    }
  },
  "metricsChecks": {
    "runOnBuild": false,
    "checks": [],
    "displayedState": {
      "checks": []
    }
  }
}